create table student
(
    id         bigint generated by default as identity
        constraint student_pkey
            primary key,
    course     varchar(255),
    firstname  varchar(255),
    lastname   varchar(255),
    middlename varchar(255),
    specialty  varchar(255)
);
create table teacher
(
    id         bigint generated by default as identity
        constraint teacher_pkey
            primary key,
    firstname  varchar(255),
    lastname   varchar(255),
    middlename varchar(255),
    cathedra varchar(255)
);
create table studentandteacher
(
    idstudentandteacher bigint generated by default as identity
        constraint studentandteacher_pkey
            primary key,
    studentid           bigint
        constraint fkiaqppxfktr0fa0j6wwvtek76g
            references student
            on delete cascade,
    teacherid           bigint
        constraint fks4m0crlb4bdf4ykkr3n2cr8c6
            references teacher
            on delete cascade
);

INSERT INTO public.student (id, course, firstname, lastname, middlename, specialty) VALUES (1, null, 'Dmitry', 'Kruglishkov', 'Konstantinovich', 'Information systems');
INSERT INTO public.student (id, course, firstname, lastname, middlename, specialty) VALUES (2, null, 'Dmitry', 'Ivannikov', 'Konstantinovich', 'Information systems');
INSERT INTO public.student (id, course, firstname, lastname, middlename, specialty) VALUES (3, null, 'Ilyusha', 'Korkunov', 'Ivanovich', 'Information systems');
INSERT INTO public.student (id, course, firstname, lastname, middlename, specialty) VALUES (5, '1', 'Ivan', 'Libidow', 'Dmitrievich', 'Information systems');
INSERT INTO public.student (id, course, firstname, lastname, middlename, specialty) VALUES (6, '1', 'Igor', 'Patronov', 'Dmitrievich', 'Information systems');
INSERT INTO public.student (id, course, firstname, lastname, middlename, specialty) VALUES (7, '1', 'Vasilii', 'Prashkin', 'Artyomovich', 'Information systems');
INSERT INTO public.student (id, course, firstname, lastname, middlename, specialty) VALUES (8, '1', 'Gosha', 'Gusar', 'Andreevich', 'Information system');
INSERT INTO public.teacher (id, firstname, lastname, middlename, cathedra) VALUES (1, 'Валентин', 'Илларивич', 'Васильевич', 'Высшей математики');
INSERT INTO public.teacher (id, firstname, lastname, middlename, cathedra) VALUES (2, 'Константин', 'Брашкин', 'Дмитриевич', 'Информационные системы');
INSERT INTO public.teacher (id, firstname, lastname, middlename, cathedra) VALUES (4, 'Gosha', 'Gusar', 'Andreevich', 'Filosophy');
INSERT INTO public.teacher (id, firstname, lastname, middlename, cathedra) VALUES (5, 'Dron', 'Janirov', 'Dmitrievich', 'Компьютерной графики и информационного права');
INSERT INTO public.studentandteacher (idstudentandteacher, studentid, teacherid) VALUES (1, 1, 2);
INSERT INTO public.studentandteacher (idstudentandteacher, studentid, teacherid) VALUES (2, 2, 2);
INSERT INTO public.studentandteacher (idstudentandteacher, studentid, teacherid) VALUES (3, 3, 2);
INSERT INTO public.studentandteacher (idstudentandteacher, studentid, teacherid) VALUES (7, 1, 1);
INSERT INTO public.studentandteacher (idstudentandteacher, studentid, teacherid) VALUES (9, 3, 1);
INSERT INTO public.studentandteacher (idstudentandteacher, studentid, teacherid) VALUES (10, 5, 2);
INSERT INTO public.studentandteacher (idstudentandteacher, studentid, teacherid) VALUES (11, 2, 1);
